,DATE,SESSION,TRIAL,TARGETS_CSV_FILENAME,TOP_OBJECT_X,TOP_OBJECT_Y,TOP_OBJECT_Z,BOTTOM_OBJECT_X,BOTTOM_OBJECT_Y,BOTTOM_OBJECT_Z
0,20190625,1,1,GOPR1466_20190625_s1_t01_xypts.csv,302.271569,392.85438999999997,-1.0,318.947747,644.229963,-1.0
1,20190625,1,2,GOPR1466_20190625_s1_t02_xypts.csv,316.677377,402.137785,-1.0,315.38014100000004,623.0339700000001,-1.0
2,20190625,1,3,GOPR1466_20190625_s1_t03_xypts.csv,315.938432,394.360814,-1.0,311.76014100000003,644.245539,-1.0
3,20190625,1,4,GOPR1466_20190625_s1_t04_xypts.csv,314.86628199999996,410.30621,-1.0,313.73096,647.654532,-1.0
4,20190625,1,5,GOPR1466_20190625_s1_t05_xypts.csv,309.969216,408.36402599999997,-1.0,308.32740099999995,642.710921,-1.0
5,20190625,1,6,GP011466_20190625_s1_t06_xypts.csv,320.140212,411.789079,-1.0,319.640212,649.117773,-1.0
6,20190625,2,1,GOPR1467_20190625_s2_t01_xypts.csv,312.871573,366.12955,-1.0,323.953824,601.004283,-1.0
7,20190625,2,2,GOPR1467_20190625_s2_t02_xypts.csv,310.102934,349.940043,-1.0,283.244348,624.428266,-1.0
8,20190625,2,3,GOPR1467_20190625_s2_t03_xypts.csv,313.151991,352.699236,-1.0,285.59897,625.570994,-1.0
9,20190625,2,4,GOPR1467_20190625_s2_t04_xypts.csv,318.946128,362.389722,-1.0,322.275533,561.981799,-1.0
10,20190625,2,5,GOPR1467_20190625_s2_t05_xypts.csv,303.012987,371.237687,-1.0,286.38961,611.7516059999999,-1.0
11,20190625,2,7,GOPR1467_20190625_s2_t07_xypts.csv,317.590188,356.282655,-1.0,321.284271,606.047109,-1.0
12,20190625,2,8,GP011467_20190625_s2_t08_xypts.csv,294.466811,395.031049,-1.0,292.966811,632.252677,-1.0
13,20190625,3,1,GOPR1468_20190625_s3_t01_xypts.csv,290.314708,401.62312599999996,-1.0,304.043771,641.82227,-1.0
14,20190625,3,2,GOPR1468_20190625_s3_t02_xypts.csv,304.193802,405.873196,-1.0,292.026229,650.551432,-1.0
15,20190625,3,3,GOPR1468_20190625_s3_t03_xypts.csv,271.465294,431.13387300000005,-1.0,259.790165,642.284638,-1.0
16,20190625,3,4,GOPR1468_20190625_s3_t04_xypts.csv,260.668591,408.491435,-1.0,314.11712400000005,644.866167,-1.0
17,20190625,3,5,GOPR1468_20190625_s3_t05_xypts.csv,288.003795,412.082084,-1.0,289.192881,650.213062,-1.0
18,20190625,3,6,GOPR1468_20190625_s3_t06_xypts.csv,301.496763,405.828282,-1.0,317.816142,647.184574,-1.0
19,20190625,3,7,GOPR1468_20190625_s3_t07_xypts.csv,285.03884500000004,411.73587599999996,-1.0,277.98492999999996,652.346185,-1.0
20,20190625,3,9,GP011468_20190625_s3_t09_xypts.csv,277.6633,428.298715,-1.0,272.200577,671.396146,-1.0
21,20190625,3,10,GP011468_20190625_s3_t10_xypts.csv,285.865466,409.090775,-1.0,277.969526,649.992975,-1.0
22,20190626,1,1,GOPR1469_20190626_s1_t01_xypts.csv,284.059163,433.751606,-1.0,289.67259900000005,693.245777,-1.0
23,20190626,1,2,GOPR1469_20190626_s1_t02_xypts.csv,278.917749,461.25053499999996,-1.0,266.529181,695.822627,-1.0
24,20190626,1,3,GOPR1469_20190626_s1_t03_xypts.csv,275.78162599999996,463.27623099999994,-1.0,265.46002400000003,698.4728769999999,-1.0
25,20190626,1,4,GOPR1469_20190626_s1_t04_xypts.csv,289.724868,442.52783700000003,-1.0,287.80283199999997,701.4442339999999,-1.0
26,20190626,1,5,GOPR1469_20190626_s1_t05_xypts.csv,261.243653,483.913633,-1.0,270.488993,718.6084940000001,-1.0
27,20190626,1,6,GOPR1469_20190626_s1_t06_xypts.csv,293.536476,465.341542,-1.0,284.685586,691.595289,-1.0
28,20190626,1,7,GOPR1469_20190626_s1_t07_xypts.csv,262.894661,487.46252699999997,-1.0,273.54060899999996,728.526767,-1.0
29,20190626,1,8,GOPR1469_20190626_s1_t08_xypts.csv,273.400433,480.37152000000003,-1.0,261.328666,722.736379,-1.0
30,20190626,1,9,GOPR1469_20190626_s1_t09_xypts.csv,293.894661,465.48679500000003,-1.0,285.043771,696.808708,-1.0
31,20190626,1,10,GOPR1469_20190626_s1_t10_xypts.csv,261.797419,464.978587,-1.0,276.556464,714.763026,-1.0
32,20190626,2,1,GOPR1470_20190626_s2_t01_xypts.csv,295.234755,325.968594,-1.0,285.072952,553.222341,-1.0
33,20190626,2,2,GOPR1470_20190626_s2_t02_xypts.csv,266.38456,355.604925,-1.0,261.53367000000003,593.563169,-1.0
34,20190626,2,3,GOPR1470_20190626_s2_t03_xypts.csv,283.31361200000003,349.721627,-1.0,254.567588,576.893639,-1.0
35,20190626,2,4,GOPR1470_20190626_s2_t04_xypts.csv,265.260943,360.720557,-1.0,253.053021,597.720993,-1.0
36,20190626,2,5,GP011470_20190626_s2_t05_xypts.csv,295.922238,323.30942200000004,-1.0,280.554145,577.945039,-1.0
37,20190626,2,6,GP011470_20190626_s2_t06_xypts.csv,286.699375,345.025696,-1.0,259.609428,571.1220559999999,-1.0
38,20190626,2,7,GP011470_20190626_s2_t07_xypts.csv,299.187991,326.779443,-1.0,282.16418999999996,577.449873,-1.0
39,20190626,2,8,GP011470_20190626_s2_t08_xypts.csv,285.64721299999997,341.018201,-1.0,260.504856,570.918914,-1.0
40,20190626,2,9,GP011470_20190626_s2_t09_xypts.csv,272.909251,333.62955,-1.0,273.106042,578.77939,-1.0
41,20190626,2,10,GP011470_20190626_s2_t10_xypts.csv,277.530446,356.199619,-1.0,251.97410299999999,593.3156339999999,-1.0
42,20190626,3,1,GOPR1471_20190626_s3_t01_xypts.csv,300.222936,343.04843,-1.0,322.97872,576.438508,-1.0
43,20190626,3,2,GOPR1471_20190626_s3_t02_xypts.csv,267.543139,343.76421600000003,-1.0,295.771569,587.96336,-1.0
44,20190626,3,3,GP011471_20190626_s3_t03_xypts.csv,273.162097,366.432548,-1.0,288.401154,607.002141,-1.0
45,20190626,3,4,GP011471_20190626_s3_t04_xypts.csv,279.49759500000005,348.018201,-1.0,292.27393,568.003212,-1.0
46,20190626,3,5,GP011471_20190626_s3_t05_xypts.csv,264.247026,379.66698399999996,-1.0,278.395083,600.563169,-1.0
47,20190626,3,6,GP011471_20190626_s3_t06_xypts.csv,271.22126000000003,366.685225,-1.0,280.609428,594.837259,-1.0
48,20190626,3,7,GP011471_20190626_s3_t07_xypts.csv,296.39845499999996,327.045801,-1.0,314.789322,583.799429,-1.0
49,20190626,3,8,GP011471_20190626_s3_t08_xypts.csv,282.705868,346.098501,-1.0,243.53367000000003,608.197002,-1.0
50,20190626,3,9,GP011471_20190626_s3_t09_xypts.csv,304.770937,331.95503199999996,-1.0,326.06726000000003,582.117773,-1.0
51,20190626,3,10,GP011471_20190626_s3_t10_xypts.csv,280.729357,364.733405,-1.0,285.154802,607.9882230000001,-1.0
52,20190627,1,1,GOPR1472_20190627_s1_t01_xypts.csv,289.043771,305.963597,-1.0,316.13371800000004,548.533191,-1.0
53,20190627,1,2,GOPR1472_20190627_s1_t02_xypts.csv,317.05026499999997,290.633833,-1.0,325.169793,516.75803,-1.0
54,20190627,1,3,GOPR1472_20190627_s1_t03_xypts.csv,316.016488,298.554961,-1.0,312.63831400000004,511.84511100000003,-1.0
55,20190627,1,4,GOPR1472_20190627_s1_t04_xypts.csv,293.502886,283.353319,-1.0,332.443723,530.506424,-1.0
56,20190627,1,5,GOPR1472_20190627_s1_t05_xypts.csv,306.079846,312.940043,-1.0,309.77393,538.0364030000001,-1.0
57,20190627,1,6,GOPR1472_20190627_s1_t06_xypts.csv,315.325798,282.086724,-1.0,339.236652,525.8972160000001,-1.0
58,20190627,1,7,GOPR1472_20190627_s1_t07_xypts.csv,290.878066,320.10706600000003,-1.0,312.042569,552.398287,-1.0
59,20190627,1,9,GP011472_20190627_s1_t09_xypts.csv,319.11712400000005,316.134904,-1.0,304.266234,531.3972160000001,-1.0
60,20190627,1,10,GP011472_20190627_s1_t10_xypts.csv,286.765031,338.826552,-1.0,296.88456,562.367238,-1.0
61,20190627,1,11,GP011472_20190627_s1_t11_xypts.csv,289.004089,337.266595,-1.0,308.668591,562.890792,-1.0
62,20190627,2,7,GP011473_20190627_s2_t07_xypts.csv,312.22931600000004,371.134984,-1.0,316.42295,598.440148,-1.0
63,20190627,2,8,GP011473_20190627_s2_t08_xypts.csv,302.876954,368.965167,-1.0,319.75161,610.878929,-1.0
64,20190627,2,9,GP011473_20190627_s2_t09_xypts.csv,324.965294,366.643033,-1.0,340.586277,596.47252,-1.0
65,20190627,2,10,GP011473_20190627_s2_t10_xypts.csv,306.376035,384.136046,-1.0,331.397315,623.763699,-1.0
66,20190627,3,1,GOPR1474_20190627_s3_t01_xypts.csv,329.880471,298.69379,-1.0,356.289322,549.326909,-1.0
67,20190627,3,2,GOPR1474_20190627_s3_t02_xypts.csv,312.165598,341.972877,-1.0,324.894661,576.3629549999999,-1.0
68,20190627,3,3,GOPR1474_20190627_s3_t03_xypts.csv,324.655604,294.295503,-1.0,351.745551,545.087794,-1.0
69,20190627,3,4,GOPR1474_20190627_s3_t04_xypts.csv,341.341991,296.054961,-1.0,390.596441,536.340471,-1.0
70,20190627,3,5,GOPR1474_20190627_s3_t05_xypts.csv,310.938432,309.796574,-1.0,334.334295,539.004283,-1.0
71,20190627,3,6,GOPR1474_20190627_s3_t06_xypts.csv,317.220797,306.63692599999996,-1.0,348.24618300000003,546.399714,-1.0
72,20190627,3,7,GP011474_20190627_s3_t07_xypts.csv,336.689723,301.947587,-1.0,354.903162,529.268719,-1.0
73,20190627,3,8,GP011474_20190627_s3_t08_xypts.csv,303.611031,338.913633,-1.0,329.651429,574.006107,-1.0
74,20190627,3,9,GP011474_20190627_s3_t09_xypts.csv,315.32659900000004,316.71306200000004,-1.0,346.14790800000003,544.892934,-1.0
75,20190627,3,10,GP011474_20190627_s3_t10_xypts.csv,297.564935,334.675589,-1.0,327.311688,563.001071,-1.0
76,20190627,3,11,GP011474_20190627_s3_t11_xypts.csv,300.251082,336.038544,-1.0,329.45671,571.343683,-1.0
77,20190628,1,1,GOPR1475_20190628_s1_t01_xypts.csv,284.195411,444.23697400000003,-1.0,297.87054,685.436117,-1.0
78,20190628,1,2,GOPR1475_20190628_s1_t02_xypts.csv,311.945727,433.920771,-1.0,304.736652,657.433619,-1.0
79,20190628,1,3,GOPR1475_20190628_s1_t03_xypts.csv,290.791727,464.44325499999997,-1.0,272.352506,700.858778,-1.0
80,20190628,1,4,GOPR1475_20190628_s1_t04_xypts.csv,284.629416,471.532477,-1.0,285.534873,702.681656,-1.0
81,20190628,1,5,GP011475_20190628_s1_t05_xypts.csv,268.13831400000004,446.291221,-1.0,260.47651099999996,703.022127,-1.0
82,20190628,1,6,GP011475_20190628_s1_t06_xypts.csv,301.111031,454.963954,-1.0,281.220165,681.4586009999999,-1.0
83,20190628,1,7,GP011475_20190628_s1_t07_xypts.csv,291.12361699999997,475.717345,-1.0,249.720058,718.286938,-1.0
84,20190628,1,8,GP011475_20190628_s1_t08_xypts.csv,307.414943,443.663812,-1.0,311.027073,691.9333019999999,-1.0
85,20190628,1,9,GP011475_20190628_s1_t09_xypts.csv,306.005291,447.21841500000005,-1.0,310.199375,695.399358,-1.0
86,20190628,1,10,GP011475_20190628_s1_t10_xypts.csv,297.951125,467.809422,-1.0,276.060259,693.235903,-1.0
87,20190628,2,1,GOPR1476_20190628_s2_t01_xypts.csv,303.988696,384.431864,-1.0,301.257335,625.336673,-1.0
88,20190628,2,2,GOPR1476_20190628_s2_t02_xypts.csv,305.45260099999996,383.12165899999997,-1.0,304.479673,630.817749,-1.0
89,20190628,2,3,GOPR1476_20190628_s2_t03_xypts.csv,309.519481,386.466809,-1.0,308.825397,634.175589,-1.0
90,20190628,2,4,GOPR1476_20190628_s2_t04_xypts.csv,311.029181,391.663812,-1.0,309.265496,631.776337,-1.0
91,20190628,2,5,GOPR1476_20190628_s2_t05_xypts.csv,313.869696,390.258109,-1.0,306.977987,636.642081,-1.0
92,20190628,2,6,GOPR1476_20190628_s2_t06_xypts.csv,313.70178,397.264097,-1.0,305.675129,632.981442,-1.0
93,20190628,2,7,GP011476_20190628_s2_t07_xypts.csv,313.379438,400.61836800000003,-1.0,305.463795,638.03486,-1.0
94,20190628,2,8,GP011476_20190628_s2_t08_xypts.csv,318.926371,396.054961,-1.0,311.629416,642.126814,-1.0
95,20190628,2,9,GP011476_20190628_s2_t09_xypts.csv,318.15319900000003,401.35546,-1.0,306.302309,639.230193,-1.0
96,20190628,2,10,GP011476_20190628_s2_t10_xypts.csv,321.23545,395.684154,-1.0,312.42183700000004,642.8094219999999,-1.0
97,20190628,2,11,GP011476_20190628_s2_t11_xypts.csv,316.325397,396.1606,-1.0,309.243146,640.841542,-1.0
98,20190628,2,12,GP011476_20190628_s2_t12_xypts.csv,317.920047,399.67773,-1.0,,,-1.0
99,20190628,3,1,GOPR1477_20190628_s3_t01_xypts.csv,322.483405,358.99357599999996,-1.0,317.363877,592.284797,-1.0
100,20190628,3,2,GOPR1477_20190628_s3_t02_xypts.csv,304.98989900000004,364.076017,-1.0,311.609428,601.062099,-1.0
101,20190628,3,3,GOPR1477_20190628_s3_t03_xypts.csv,287.101331,399.47751600000004,-1.0,275.78771800000004,615.32334,-1.0
102,20190628,3,4,GOPR1477_20190628_s3_t04_xypts.csv,319.09403599999996,357.689507,-1.0,326.213564,604.398287,-1.0
103,20190628,3,5,GOPR1477_20190628_s3_t05_xypts.csv,302.516488,397.095646,-1.0,292.26014100000003,629.158458,-1.0
104,20190628,3,6,GOPR1477_20190628_s3_t06_xypts.csv,299.364171,373.22769500000004,-1.0,300.742344,604.290507,-1.0
105,20190628,3,7,GOPR1477_20190628_s3_t07_xypts.csv,304.65440099999995,416.744111,-1.0,281.48989900000004,636.617773,-1.0
106,20190628,3,8,GOPR1477_20190628_s3_t08_xypts.csv,307.108225,420.158458,-1.0,290.137807,644.2269809999999,-1.0
107,20190628,3,9,GOPR1477_20190628_s3_t09_xypts.csv,333.303511,422.71306200000004,-1.0,298.131313,650.865096,-1.0
108,20190628,3,10,GOPR1477_20190628_s3_t10_xypts.csv,310.057961,467.436831,-1.0,271.885762,694.533191,-1.0
109,20190701,1,1,GOPR1478_20190701_s1_t01_xypts.csv,286.667388,457.073876,-1.0,283.973304,693.476445,-1.0
110,20190701,1,2,GP011478_20190701_s1_t02_xypts.csv,278.563252,438.381156,-1.0,293.14550299999996,676.311563,-1.0
111,20190701,1,3,GP011478_20190701_s1_t03_xypts.csv,288.42183700000004,431.910064,-1.0,295.810005,665.229122,-1.0
112,20190701,1,4,GP011478_20190701_s1_t04_xypts.csv,296.01459,426.463954,-1.0,289.758244,663.5949320000001,-1.0
113,20190701,1,5,GP011478_20190701_s1_t05_xypts.csv,287.670194,433.438972,-1.0,299.983806,665.730193,-1.0
114,20190701,1,6,GP011478_20190701_s1_t06_xypts.csv,291.213564,430.1606,-1.0,287.519481,669.6188440000001,-1.0
115,20190701,1,7,GP011478_20190701_s1_t07_xypts.csv,280.92304,459.24197000000004,-1.0,282.92304,698.200214,-1.0
116,20190701,1,8,GP011478_20190701_s1_t08_xypts.csv,304.412939,429.265525,-1.0,308.301106,664.11242,-1.0
117,20190701,1,9,GP011478_20190701_s1_t09_xypts.csv,282.040564,461.327623,-1.0,291.391454,695.9586009999999,-1.0
118,20190701,1,10,GP011478_20190701_s1_t10_xypts.csv,292.951419,430.99036399999994,-1.0,289.257335,670.920771,-1.0
119,20190701,2,1,GP011479_20190701_s2_t01_xypts.csv,297.802309,386.882227,-1.0,303.496392,625.284797,-1.0
120,20190701,2,2,GP011479_20190701_s2_t02_xypts.csv,279.439908,399.315648,-1.0,295.979673,638.890554,-1.0
121,20190701,2,4,GP021479_20190701_s2_t04_xypts.csv,289.139009,384.82227,-1.0,308.378066,630.475375,-1.0
122,20190701,2,5,GP021479_20190701_s2_t05_xypts.csv,285.223665,400.811563,-1.0,297.963818,642.849393,-1.0
123,20190701,2,6,GP021479_20190701_s2_t06_xypts.csv,286.146705,387.19164900000004,-1.0,291.07215,628.789079,-1.0
124,20190701,2,7,GP021479_20190701_s2_t07_xypts.csv,287.85468399999996,401.968594,-1.0,295.300118,639.185939,-1.0
125,20190701,2,8,GP021479_20190701_s2_t08_xypts.csv,281.779158,401.354866,-1.0,297.345997,639.117654,-1.0
126,20190701,2,9,GP021479_20190701_s2_t09_xypts.csv,282.194568,395.109446,-1.0,293.869696,627.251051,-1.0
127,20190701,2,10,GP021479_20190701_s2_t10_xypts.csv,281.27747200000005,418.236736,-1.0,287.587964,656.187406,-1.0
128,20190701,2,11,GP021479_20190701_s2_t11_xypts.csv,284.73015899999996,418.64025699999996,-1.0,287.834696,656.654176,-1.0
129,20190701,3,1,GOPR1480_20190701_s3_t01_xypts.csv,234.848485,366.853319,-1.0,252.512987,615.062099,-1.0
130,20190701,3,2,GOPR1480_20190701_s3_t02_xypts.csv,247.691944,361.558014,-1.0,255.84018799999998,614.938933,-1.0
131,20190701,3,3,GOPR1480_20190701_s3_t03_xypts.csv,281.63783,368.06222,-1.0,307.42295,611.148446,-1.0
132,20190701,3,4,GOPR1480_20190701_s3_t04_xypts.csv,249.766234,372.85438999999997,-1.0,271.893458,620.035332,-1.0
133,20190701,3,5,GOPR1480_20190701_s3_t05_xypts.csv,249.94922799999998,374.94575299999997,-1.0,274.029181,613.403997,-1.0
134,20190701,3,7,GOPR1480_20190701_s3_t07_xypts.csv,249.187234,381.82039100000003,-1.0,270.664959,627.881985,-1.0
135,20190701,3,8,GOPR1480_20190701_s3_t08_xypts.csv,262.996285,377.13689500000004,-1.0,279.139673,621.61459,-1.0
136,20190701,3,9,GOPR1480_20190701_s3_t09_xypts.csv,282.780423,370.685225,-1.0,302.48220299999997,613.2269809999999,-1.0
137,20190701,3,10,GOPR1480_20190701_s3_t10_xypts.csv,252.183983,379.571734,-1.0,265.92304,630.336188,-1.0
138,20190702,1,1,GOPR1481_20190702_s1_t01_xypts.csv,301.128854,395.245037,-1.0,299.92609,628.052291,-1.0
139,20190702,1,2,GOPR1481_20190702_s1_t02_xypts.csv,276.548556,384.43596099999996,-1.0,274.93616000000003,616.251061,-1.0
140,20190702,1,3,GOPR1481_20190702_s1_t03_xypts.csv,268.538667,401.668808,-1.0,276.105927,638.299786,-1.0
141,20190702,1,4,GOPR1481_20190702_s1_t04_xypts.csv,295.095238,380.24197000000004,-1.0,300.752044,613.588865,-1.0
142,20190702,1,5,GOPR1481_20190702_s1_t05_xypts.csv,273.035505,384.885399,-1.0,274.98136,609.842176,-1.0
143,20190702,1,6,GOPR1481_20190702_s1_t06_xypts.csv,285.673187,368.104925,-1.0,291.83499,598.013205,-1.0
144,20190702,1,7,GOPR1481_20190702_s1_t07_xypts.csv,317.378467,340.30942200000004,-1.0,326.012987,583.119914,-1.0
145,20190702,1,8,GOPR1481_20190702_s1_t08_xypts.csv,309.92304,368.408994,-1.0,325.93073599999997,601.7280509999999,-1.0
146,20190702,1,9,GOPR1481_20190702_s1_t09_xypts.csv,315.022179,366.53675899999996,-1.0,319.400353,603.167737,-1.0
147,20190702,1,10,GP011481_20190702_s1_t10_xypts.csv,315.606559,349.054961,-1.0,327.281688,578.072329,-1.0
148,20190702,2,1,GOPR1482_20190702_s2_t01_xypts.csv,291.302309,415.573876,-1.0,291.339586,651.004283,-1.0
149,20190702,2,2,GOPR1482_20190702_s2_t02_xypts.csv,287.963818,430.61384699999996,-1.0,281.396558,669.985724,-1.0
150,20190702,2,3,GOPR1482_20190702_s2_t03_xypts.csv,280.89225600000003,433.32227,-1.0,284.049062,670.252677,-1.0
151,20190702,2,4,GOPR1482_20190702_s2_t04_xypts.csv,291.894661,433.25267699999995,-1.0,279.581049,671.025696,-1.0
152,20190702,2,5,GOPR1482_20190702_s2_t05_xypts.csv,284.35497799999996,420.24411100000003,-1.0,286.817701,652.535332,-1.0
153,20190702,2,6,GOPR1482_20190702_s2_t06_xypts.csv,289.132916,414.36402599999997,-1.0,285.849287,652.82227,-1.0
154,20190702,2,7,GOPR1482_20190702_s2_t07_xypts.csv,304.89845499999996,411.35974300000004,-1.0,300.520282,641.595289,-1.0
155,20190702,2,8,GOPR1482_20190702_s2_t08_xypts.csv,290.41283500000003,412.357919,-1.0,280.683561,642.9995240000001,-1.0
156,20190702,2,9,GOPR1482_20190702_s2_t09_xypts.csv,287.109428,410.750535,-1.0,282.400353,644.8565309999999,-1.0
157,20190702,2,11,GP011482_20190702_s2_t11_xypts.csv,307.49110099999996,413.49464700000004,-1.0,299.602934,644.091006,-1.0
158,20190702,3,1,GOPR1483_20190702_s3_t01_xypts.csv,325.306231,348.398472,-1.0,313.942156,582.288551,-1.0
159,20190702,3,2,GOPR1483_20190702_s3_t02_xypts.csv,322.573584,342.15610499999997,-1.0,313.492929,577.129008,-1.0
160,20190702,3,3,GOPR1483_20190702_s3_t03_xypts.csv,306.23264700000004,369.806487,-1.0,291.584591,607.381394,-1.0
161,20190702,3,4,GOPR1483_20190702_s3_t04_xypts.csv,303.571054,367.600286,-1.0,294.814708,602.403997,-1.0
162,20190702,3,5,GOPR1483_20190702_s3_t05_xypts.csv,313.04136600000004,354.441113,-1.0,300.727754,590.815846,-1.0
163,20190702,3,6,GOPR1483_20190702_s3_t06_xypts.csv,305.303511,354.15417599999995,-1.0,292.98989900000004,592.61242,-1.0
164,20190702,3,7,GOPR1483_20190702_s3_t07_xypts.csv,297.68588,371.073162,-1.0,288.429533,608.117773,-1.0
165,20190702,3,8,GOPR1483_20190702_s3_t08_xypts.csv,304.778526,344.82298399999996,-1.0,293.833093,580.540328,-1.0
166,20190702,3,9,GOPR1483_20190702_s3_t09_xypts.csv,312.102934,343.65738799999997,-1.0,293.632516,582.115632,-1.0
167,20190702,3,10,GP011483_20190702_s3_t10_xypts.csv,309.168591,355.211991,-1.0,295.62361699999997,591.614561,-1.0
168,20190703,1,1,GOPR1484_20190703_s1_t01_xypts.csv,247.915344,415.021413,-1.0,249.415344,649.312634,-1.0
169,20190703,1,2,GOPR1484_20190703_s1_t02_xypts.csv,267.05756,413.271949,-1.0,258.20667000000003,648.304069,-1.0
170,20190703,1,3,GOPR1484_20190703_s1_t03_xypts.csv,255.392256,419.633833,-1.0,240.578644,650.369379,-1.0
171,20190703,1,4,GOPR1484_20190703_s1_t04_xypts.csv,253.325397,412.050321,-1.0,245.53381800000002,650.333016,-1.0
172,20190703,1,5,GOPR1484_20190703_s1_t05_xypts.csv,249.757335,436.524625,-1.0,237.13780699999998,675.538544,-1.0
173,20190703,1,6,GOPR1484_20190703_s1_t06_xypts.csv,255.069157,411.509636,-1.0,248.001897,649.96788,-1.0
174,20190703,1,7,GOPR1484_20190703_s1_t07_xypts.csv,245.481,438.466809,-1.0,240.555556,674.8972160000001,-1.0
175,20190703,1,8,GOPR1484_20190703_s1_t08_xypts.csv,257.401154,412.350107,-1.0,243.856181,651.808351,-1.0
176,20190703,1,9,GOPR1484_20190703_s1_t09_xypts.csv,247.46801299999998,436.441113,-1.0,238.15440099999998,672.843683,-1.0
177,20190703,1,10,GOPR1484_20190703_s1_t10_xypts.csv,256.554944,410.996563,-1.0,243.771525,647.552291,-1.0
178,20190703,2,1,GOPR1485_20190703_s2_t01_xypts.csv,253.621212,380.11349,-1.0,266.39754700000003,630.8779440000001,-1.0
179,20190703,2,2,GOPR1485_20190703_s2_t02_xypts.csv,260.683983,384.379015,-1.0,216.354978,625.920771,-1.0
180,20190703,2,3,GOPR1485_20190703_s2_t03_xypts.csv,257.902357,384.766595,-1.0,265.827802,635.558887,-1.0
181,20190703,2,4,GOPR1485_20190703_s2_t04_xypts.csv,265.683983,383.22769500000004,-1.0,264.460796,632.916286,-1.0
182,20190703,2,5,GOPR1485_20190703_s2_t05_xypts.csv,261.880071,384.28693799999996,-1.0,265.380071,630.96788,-1.0
183,20190703,2,6,GP011485_20190703_s2_t06_xypts.csv,254.272834,380.341185,-1.0,266.21826699999997,633.831192,-1.0
184,20190703,2,7,GP011485_20190703_s2_t07_xypts.csv,259.390822,383.873424,-1.0,268.147168,632.3816320000001,-1.0
185,20190703,2,8,GP011485_20190703_s2_t08_xypts.csv,262.793116,387.19593100000003,-1.0,264.67129,634.876874,-1.0
186,20190703,2,9,GP011485_20190703_s2_t09_xypts.csv,260.360376,382.12165899999997,-1.0,268.197941,633.066223,-1.0
187,20190703,2,10,GP011485_20190703_s2_t10_xypts.csv,264.709369,385.091363,-1.0,268.18208500000003,632.685939,-1.0
188,20190703,2,11,GP011485_20190703_s2_t11_xypts.csv,262.587542,382.15025,-1.0,268.654802,630.331192,-1.0
189,20190703,3,1,GOPR1486_20190703_s3_t01_xypts.csv,301.694084,419.26980699999996,-1.0,337.403559,658.7558889999999,-1.0
190,20190703,3,2,GOPR1486_20190703_s3_t02_xypts.csv,296.609428,426.25053499999996,-1.0,303.960317,661.96788,-1.0
191,20190703,3,3,GOPR1486_20190703_s3_t03_xypts.csv,276.960611,419.473233,-1.0,303.229651,657.0178440000001,-1.0
192,20190703,3,4,GOPR1486_20190703_s3_t04_xypts.csv,283.388292,430.455151,-1.0,312.576114,669.21794,-1.0
193,20190703,3,5,GOPR1486_20190703_s3_t05_xypts.csv,288.25021200000003,429.304324,-1.0,311.91334,665.267666,-1.0
194,20190703,3,6,GOPR1486_20190703_s3_t06_xypts.csv,288.72949900000003,425.299141,-1.0,307.620954,663.628039,-1.0
195,20190703,3,7,GOPR1486_20190703_s3_t07_xypts.csv,290.640212,442.85439,-1.0,304.185185,686.45182,-1.0
196,20190703,3,8,GOPR1486_20190703_s3_t08_xypts.csv,298.087542,432.880086,-1.0,319.789322,671.3383299999999,-1.0
197,20190703,3,9,GOPR1486_20190703_s3_t09_xypts.csv,285.60908900000004,422.39408399999996,-1.0,309.905201,661.156872,-1.0
198,20190703,3,10,GOPR1486_20190703_s3_t10_xypts.csv,271.04786,432.188437,-1.0,315.108225,660.423983,-1.0
199,20190704,1,1,GOPR1487_20190704_s1_t01_xypts.csv,412.637807,384.85438999999997,-1.0,423.720058,614.006424,-1.0
200,20190704,1,2,GOPR1487_20190704_s1_t02_xypts.csv,389.329886,392.141328,-1.0,408.673481,621.747323,-1.0
201,20190704,1,3,GOPR1487_20190704_s1_t03_xypts.csv,407.417894,382.66698399999996,-1.0,424.029134,614.9625110000001,-1.0
202,20190704,1,4,GOPR1487_20190704_s1_t04_xypts.csv,391.98220299999997,393.800857,-1.0,401.833093,624.0364030000001,-1.0
203,20190704,1,5,GOPR1487_20190704_s1_t05_xypts.csv,374.645903,412.745896,-1.0,403.88766,637.499643,-1.0
204,20190704,1,6,GOPR1487_20190704_s1_t06_xypts.csv,412.146705,387.770878,-1.0,420.303511,614.867238,-1.0
205,20190704,1,7,GOPR1487_20190704_s1_t07_xypts.csv,396.89845499999996,382.736736,-1.0,405.181875,616.814696,-1.0
206,20190704,1,8,GOPR1487_20190704_s1_t08_xypts.csv,386.406445,392.490364,-1.0,409.03367000000003,622.72591,-1.0
207,20190704,1,9,GOPR1487_20190704_s1_t09_xypts.csv,394.55026499999997,384.603854,-1.0,404.401154,616.311563,-1.0
208,20190704,1,10,GOPR1487_20190704_s1_t10_xypts.csv,402.697941,380.17919700000004,-1.0,422.575271,616.6935129999999,-1.0
209,20190704,2,1,GOPR1488_20190704_s2_t01_xypts.csv,314.49519,375.907923,-1.0,328.540164,610.254818,-1.0
210,20190704,2,2,GOPR1488_20190704_s2_t02_xypts.csv,315.496392,375.54818,-1.0,327.810005,617.0899360000001,-1.0
211,20190704,2,3,GOPR1488_20190704_s2_t03_xypts.csv,314.928331,371.936831,-1.0,330.936027,609.895075,-1.0
212,20190704,2,4,GOPR1488_20190704_s2_t04_xypts.csv,312.817701,377.93790099999995,-1.0,330.00275899999997,613.272821,-1.0
213,20190704,2,5,GOPR1488_20190704_s2_t05_xypts.csv,311.136604,371.462527,-1.0,327.1443,611.976445,-1.0
214,20190704,2,6,GOPR1488_20190704_s2_t06_xypts.csv,313.04136600000004,381.492505,-1.0,327.817701,614.811563,-1.0
215,20190704,2,7,GOPR1488_20190704_s2_t07_xypts.csv,309.27565899999996,377.158664,-1.0,323.443377,606.818076,-1.0
216,20190704,2,8,GP011488_20190704_s2_t08_xypts.csv,304.774054,381.891268,-1.0,328.12431200000003,619.435879,-1.0
217,20190704,2,9,GP011488_20190704_s2_t09_xypts.csv,309.085939,377.98929300000003,-1.0,328.78771800000004,615.077088,-1.0
218,20190704,2,10,GP011488_20190704_s2_t10_xypts.csv,315.257335,377.12847999999997,-1.0,328.802309,615.586724,-1.0
219,20190704,2,11,GP011488_20190704_s2_t11_xypts.csv,318.22126000000003,379.43897200000004,-1.0,331.766234,616.869379,-1.0
220,20190704,3,1,GOPR1489_20190704_s3_t01_xypts.csv,277.440115,394.36402599999997,-1.0,270.051948,639.503212,-1.0
221,20190704,3,2,GOPR1489_20190704_s3_t02_xypts.csv,289.631313,389.576017,-1.0,289.59403599999996,637.284797,-1.0
222,20190704,3,3,GOPR1489_20190704_s3_t03_xypts.csv,273.187777,397.237212,-1.0,269.147168,644.527242,-1.0
223,20190704,3,4,GOPR1489_20190704_s3_t04_xypts.csv,286.091337,394.29586,-1.0,287.780423,636.408637,-1.0
224,20190704,3,5,GOPR1489_20190704_s3_t05_xypts.csv,272.815296,390.655246,-1.0,268.15849,629.1134900000001,-1.0
225,20190704,3,6,GOPR1489_20190704_s3_t06_xypts.csv,270.485857,392.59592799999996,-1.0,268.985857,630.095421,-1.0
226,20190704,3,7,GOPR1489_20190704_s3_t07_xypts.csv,268.11062999999996,415.794433,-1.0,263.879269,656.336188,-1.0
227,20190704,3,8,GOPR1489_20190704_s3_t08_xypts.csv,291.627729,390.261163,-1.0,288.263092,630.648188,-1.0
228,20190704,3,9,GOPR1489_20190704_s3_t09_xypts.csv,269.55026499999997,409.93790099999995,-1.0,272.012987,652.5074950000001,-1.0
229,20190704,3,10,GOPR1489_20190704_s3_t10_xypts.csv,265.89225600000003,414.520343,-1.0,265.89225600000003,657.0899360000001,-1.0
230,20190704,3,11,GOPR1489_20190704_s3_t11_xypts.csv,266.569745,413.912206,-1.0,268.569745,654.4261240000001,-1.0
